
{
  "available-campaign-levels": 
  {
    "tight-spot": 
    {
      "level-01": "hard"
    },
    "transport-belt-madness": 
    {
      "level-01": "hard"
    },
    "tutorial": 
    {
      "level-01": "hard"
    }
  },
  "tips": 
  {
    "introduction": 
    {
      "status": "completed"
    },
    "show-info": 
    {
      "status": "completed"
    },
    "e-confirm": 
    {
      "status": "locked"
    },
    "clear-cursor": 
    {
      "status": "completed"
    },
    "pipette": 
    {
      "status": "completed"
    },
    "stack-transfers": 
    {
      "status": "locked",
      "count": 9,
      "skip_status": 
      {
        "conditions": 
        [
          
          {},
          
          {},
          
          {
            "triggered": true
          }
        ]
      }
    },
    "entity-transfers": 
    {
      "status": "completed-without-tutorial"
    },
    "z-dropping": 
    {
      "status": "completed"
    },
    "shoot-targeting": 
    {
      "status": "completed"
    },
    "shoot-targeting-controller": 
    {
      "status": "suggested"
    },
    "bulk-crafting": 
    {
      "status": "completed"
    },
    "rotating-assemblers": 
    {
      "status": "locked",
      "conditions": 
      [
        
        {},
        
        {}
      ]
    },
    "circuit-network": 
    {
      "status": "locked",
      "conditions": 
      [
        
        {},
        
        {
          "elapsed": 0
        }
      ]
    },
    "inserters": 
    {
      "status": "completed"
    },
    "burner-inserter-refueling": 
    {
      "status": "completed"
    },
    "long-handed-inserters": 
    {
      "status": "completed"
    },
    "move-between-labs": 
    {
      "status": "completed"
    },
    "insertion-limits": 
    {
      "status": "completed"
    },
    "limit-chests": 
    {
      "status": "completed"
    },
    "transport-belts": 
    {
      "status": "completed"
    },
    "belt-lanes": 
    {
      "status": "completed"
    },
    "splitters": 
    {
      "status": "completed"
    },
    "splitter-filters": 
    {
      "status": "completed"
    },
    "underground-belts": 
    {
      "status": "completed"
    },
    "electric-network": 
    {
      "status": "completed"
    },
    "steam-power": 
    {
      "status": "completed"
    },
    "electric-pole-connections": 
    {
      "status": "locked",
      "conditions": 
      [
        
        {
          "elapsed": 759889
        },
        
        {}
      ]
    },
    "low-power": 
    {
      "status": "locked"
    },
    "connect-switch": 
    {
      "status": "locked"
    },
    "copy-entity-settings": 
    {
      "status": "completed"
    },
    "copy-entity-settings-controller": 
    {
      "status": "completed"
    },
    "copy-paste-trains": 
    {
      "status": "locked"
    },
    "copy-paste-filters": 
    {
      "status": "locked"
    },
    "copy-paste-requester-chest": 
    {
      "status": "locked",
      "conditions": 
      [
        
        {},
        
        {}
      ]
    },
    "copy-paste-spidertron": 
    {
      "status": "locked"
    },
    "drag-building": 
    {
      "status": "completed"
    },
    "drag-building-poles": 
    {
      "status": "completed"
    },
    "pole-dragging-coverage": 
    {
      "status": "completed"
    },
    "drag-building-underground-belts": 
    {
      "status": "completed"
    },
    "fast-belt-bending": 
    {
      "status": "completed"
    },
    "fast-obstacle-traversing": 
    {
      "status": "completed"
    },
    "trains": 
    {
      "status": "locked"
    },
    "rail-building": 
    {
      "status": "locked",
      "conditions": 
      [
        
        {},
        
        {}
      ]
    },
    "train-stops": 
    {
      "status": "locked",
      "conditions": 
      [
        
        {},
        
        {
          "conditions": 
          [
            
            {},
            
            {}
          ]
        }
      ]
    },
    "rail-signals-basic": 
    {
      "status": "locked",
      "conditions": 
      [
        
        {},
        
        {
          "conditions": 
          [
            
            {},
            
            {}
          ]
        }
      ]
    },
    "rail-signals-advanced": 
    {
      "status": "locked",
      "conditions": 
      [
        
        {},
        
        {}
      ]
    },
    "gate-over-rail": 
    {
      "status": "locked",
      "conditions": 
      [
        
        {},
        
        {},
        
        {}
      ]
    },
    "pump-connection": 
    {
      "status": "locked",
      "conditions": 
      [
        
        {},
        
        {
          "conditions": 
          [
            
            {},
            
            {}
          ]
        }
      ]
    },
    "train-stop-same-name": 
    {
      "status": "locked"
    },
    "logistic-network": 
    {
      "status": "locked",
      "conditions": 
      [
        
        {},
        
        {}
      ]
    },
    "personal-logistics": 
    {
      "status": "locked"
    },
    "construction-robots": 
    {
      "status": "locked"
    },
    "passive-provider-chest": 
    {
      "status": "dependencies-not-met"
    },
    "storage-chest": 
    {
      "status": "dependencies-not-met"
    },
    "requester-chest": 
    {
      "status": "locked"
    },
    "active-provider-chest": 
    {
      "status": "locked"
    },
    "buffer-chest": 
    {
      "status": "locked"
    },
    "ghost-building": 
    {
      "status": "locked",
      "skip_status": 
      {
        "conditions": 
        [
          
          {
            "count": 2
          },
          
          {}
        ]
      }
    },
    "ghost-rail-planner": 
    {
      "status": "locked",
      "conditions": 
      [
        
        {
          "conditions": 
          [
            
            {},
            
            {},
            
            {}
          ]
        },
        
        {}
      ]
    },
    "copy-paste": 
    {
      "status": "locked",
      "conditions": 
      [
        
        {},
        
        {
          "elapsed": 0
        }
      ]
    },
    "fast-replace": 
    {
      "status": "completed"
    },
    "fast-replace-direction": 
    {
      "status": "completed"
    },
    "fast-replace-belt-splitter": 
    {
      "status": "completed"
    },
    "fast-replace-belt-underground": 
    {
      "status": "completed"
    }
  },
  "last-played": 
  {
    "type": "single-player",
    "save-name": "start"
  },
  "service-username": "jza1937",
  "service-token": "ba5d4b5325c35534e3c1c76556b703",
  "shortcut-bar": 
  [
    
    {
      "name": "toggle-alt-mode",
      "docked": true,
      "enabled": true
    },
    
    {
      "name": "undo",
      "docked": false,
      "enabled": false
    },
    
    {
      "name": "copy",
      "docked": false,
      "enabled": false
    },
    
    {
      "name": "cut",
      "docked": false,
      "enabled": false
    },
    
    {
      "name": "paste",
      "docked": false,
      "enabled": false
    },
    
    {
      "name": "import-string",
      "docked": false,
      "enabled": false
    },
    
    {
      "name": "give-blueprint",
      "docked": false,
      "enabled": false
    },
    
    {
      "name": "give-blueprint-book",
      "docked": false,
      "enabled": false
    },
    
    {
      "name": "give-deconstruction-planner",
      "docked": false,
      "enabled": false
    },
    
    {
      "name": "give-upgrade-planner",
      "docked": false,
      "enabled": false
    },
    
    {
      "name": "toggle-personal-roboport",
      "docked": false,
      "enabled": false
    },
    
    {
      "name": "toggle-equipment-movement-bonus",
      "docked": false,
      "enabled": false
    },
    
    {
      "name": "rcalc-get-selection-tool",
      "docked": true,
      "enabled": true
    },
    
    {
      "name": "rb-search",
      "docked": true,
      "enabled": true
    }
  ],
  "editor-lua-snippets": 
  [
    
    {
      "name": "Example (Turn trees into biters)",
      "code": "local surface = game.player.surface\nlocal entities = surface.find_entities_filtered{area = area, type = 'tree'}\nfor k, tree in pairs(entities) do\n  local position = tree.position\n  tree.destroy()\n  surface.create_entity{name = 'small-biter', position = position}\nend"
    }
  ],
  "last-played-version": 
  {
    "game_version": "1.1.109",
    "build_version": 62320,
    "build_mode": "steam",
    "platform": "win64"
  },
  "blueprint-view": "grid",
  "main-menu-simulations-played": 
  [
    "train_junction",
    "oil_refinery",
    "mining_defense",
    "forest_fire",
    "logistic_robots",
    "oil_pumpjacks",
    "spider_ponds",
    "solar_power_construction",
    "lab",
    "train_station",
    "nuclear_power",
    "biter_base_spidertron",
    "early_smelting",
    "artillery"
  ]
}
